sanguine	["chromatic_color.n.01", "red.n.01"]
arccosine	["trigonometric_function.n.01", "function.n.01"]
smoothbore	["firearm.n.01", "gun.n.01"]
arthrodesis	["operation.n.06", "arthroplasty.n.01"]
sarsenet	["silk.n.01", "fabric.n.01"]
eutrophication	["process.n.06", "organic_process.n.01"]
noseband	["leather_strip.n.01", "strap.n.01"]
comicality	["quality.n.01", "humor.n.04"]
fanjet	["airplane.n.01", "jet.n.01"]
fanjet	["reaction-propulsion_engine.n.01", "jet_engine.n.01"]
posturer	["organism.n.01", "causal_agent.n.01", "person.n.01"]
bathymeter	["measuring_instrument.n.01", "instrument.n.01"]
supremacism	["content.n.05", "belief.n.01"]
satinet	["artifact.n.01", "fabric.n.01"]
trandolapril	["antihypertensive.n.01", "ace_inhibitor.n.01"]
iproclozide	["monoamine_oxidase_inhibitor.n.01", "antidepressant.n.01"]
ovaritis	["symptom.n.01", "inflammation.n.01"]
schlepper	["simpleton.n.01", "person.n.01"]
sizzle	["noise.n.01", "sound.n.04"]
heterometaboly	["organic_process.n.01", "metamorphosis.n.01"]
religionism	["attitude.n.01", "intolerance.n.02"]
religionism	["piety.n.01", "devoutness.n.01"]
filmdom	["industry.n.01", "film_industry.n.01"]
contextualism	["belief.n.01", "doctrine.n.01"]
ornamentalism	["activity.n.01", "practice.n.01"]
didanosine	["antiviral.n.01", "medicine.n.02"]
fumigator	["worker.n.01", "skilled_worker.n.01"]
fumigator	["device.n.01", "instrumentality.n.03"]
fallboard	["protective_covering.n.01", "covering.n.02"]
ununtrium	["substance.n.01", "chemical_element.n.01"]
eigenvalue	["numerical_quantity.n.01", "value.n.01"]
poor	["group.n.01", "people.n.01"]
pockmark	["symptom.n.01", "scar.n.01"]
phytochemist	["chemist.n.01", "scientist.n.01"]
creosol	["organic_compound.n.01", "phenol.n.01"]
recombinant	["organism.n.01", "living_thing.n.01", "cell.n.02"]
hypotensive	["case.n.06", "patient.n.01", "sick_person.n.01"]
heartbreaker	["charmer.n.02", "person.n.01"]
heartbreaker	["failure.n.02", "defeat.n.01", "ending.n.04"]
corkboard	["building_material.n.01", "insulating_material.n.01"]
dialectology	["linguistics.n.02", "humanistic_discipline.n.01"]
imperium	["region.n.03", "domain.n.02"]
imperium	["control.n.01", "authority.n.01"]
courante	["dancing.n.01", "diversion.n.01", "performing_arts.n.01"]
prognathism	["state.n.02", "condition.n.01"]
dideoxycytosine	["antiviral.n.01", "medicine.n.02"]
shnorrer	["moocher.n.01", "beggar.n.01"]
brewpub	["brewery.n.01", "plant.n.01"]
brewpub	["restaurant.n.01", "building.n.01"]
nationhood	["state.n.02", "attribute.n.02"]
snootiness	["quality.n.01", "attribute.n.02"]
hostile	["military_personnel.n.01", "force.n.04"]
rancidity	["unsoundness.n.01", "decay.n.04"]
hotfoot	["antic.n.01", "practical_joke.n.01"]
reorder	["order.n.07", "commercial_document.n.01"]
rich	["group.n.01", "people.n.01"]
drusen	["eye_disease.n.01", "disease.n.01"]
prosciutto	["ham.n.01", "cut_of_pork.n.01"]
substring	["sequence.n.01", "string.n.05"]
homoiotherm	["organism.n.01", "animal.n.01"]
seaborgium	["substance.n.01", "chemical_element.n.01"]
bookbindery	["workplace.n.01", "workshop.n.01"]
dandyism	["demeanor.n.01", "manner.n.02"]
expositor	["person.n.01", "intellectual.n.01"]
jillion	["indefinite_quantity.n.01", "large_indefinite_quantity.n.01"]
salutatory	["oratory.n.01", "address.n.03"]
kittee	["persecution.n.01", "torture.n.05"]
seaward	["position.n.07", "direction.n.02"]
doctorspeak	["jargon.n.03", "expressive_style.n.01"]
shlepper	["simpleton.n.01", "person.n.01"]
myotic	["drug.n.01", "agent.n.03"]
zalcitabine	["antiviral.n.01", "medicine.n.02"]
amaretto	["liqueur.n.01", "alcohol.n.01"]
cuckoldom	["marital_status.n.01", "marriage.n.01"]
married	["organism.n.01", "causal_agent.n.01", "person.n.01"]
labiodental	["consonant.n.01", "phone.n.02"]
sportscast	["newscast.n.01", "news.n.02", "broadcast.n.01"]
dubnium	["substance.n.01", "chemical_element.n.01"]
incognizance	["higher_cognitive_process.n.01", "knowing.n.01"]
brachycephaly	["quality.n.01", "attribute.n.02"]
assessee	["organism.n.01", "causal_agent.n.01", "person.n.01"]
baronetage	["elite.n.01", "nobility.n.01"]
baronetage	["position.n.06", "occupation.n.01"]
polynya	["thing.n.12", "body_of_water.n.01"]
separationism	["group_action.n.01", "separation.n.05"]
psychogenesis	["organic_process.n.01", "growth.n.01"]
bucksaw	["saw.n.02", "hand_tool.n.01"]
guideword	["language_unit.n.01", "word.n.01"]
abjurer	["organism.n.01", "causal_agent.n.01", "person.n.01"]
homotherm	["organism.n.01", "animal.n.01"]
biryani	["dish.n.02", "nutriment.n.01"]
kbit	["computer_memory_unit.n.01", "unit_of_measurement.n.01"]
dolichocephalism	["quality.n.01", "attribute.n.02"]
cowtown	["municipality.n.01", "town.n.01"]
carbineer	["soldier.n.01", "rifleman.n.02"]
habitableness	["fitness.n.01", "suitability.n.01"]
subwoofer	["electro-acoustic_transducer.n.01", "loudspeaker.n.01"]
groundlessness	["quality.n.01", "worthlessness.n.01"]
tetryl	["explosive.n.01", "chemical.n.01"]
thorniness	["texture.n.01", "roughness.n.01"]
thorniness	["disposition.n.01", "disagreeableness.n.02"]
dieter	["organism.n.01", "causal_agent.n.01", "person.n.01"]
assenter	["respondent.n.02", "communicator.n.01"]
vroom	["happening.n.01", "sound.n.04"]
wasabi	["vascular_plant.n.01", "herb.n.01"]
wasabi	["flavorer.n.01", "condiment.n.01"]
offside	["nonaccomplishment.n.01", "mistake.n.01"]
spininess	["texture.n.01", "roughness.n.01"]
purism	["demand.n.01", "insistence.n.01"]
satinette	["artifact.n.01", "fabric.n.01"]
coprolite	["droppings.n.01", "fecal_matter.n.01"]
dyslectic	["organism.n.01", "causal_agent.n.01", "person.n.01"]
catheterization	["operation.n.06", "medical_procedure.n.01"]
forensics	["investigation.n.02", "police_work.n.01"]
sudatory	["medicine.n.02", "drug.n.01"]
sudatory	["house.n.12", "bathhouse.n.02"]
ununpentium	["substance.n.01", "chemical_element.n.01"]
obsessive	["sick_person.n.01", "neurotic.n.01"]
toolhouse	["shed.n.01", "outbuilding.n.01"]
heliometer	["measuring_instrument.n.01", "instrument.n.01"]
greyhen	["black_grouse.n.01", "grouse.n.02"]
historiography	["literature.n.03", "writing.n.02"]
historiography	["verbal_creation.n.01", "writing.n.01"]
trinketry	["collection.n.01", "group.n.01"]
bristliness	["texture.n.01", "roughness.n.01"]
episome	["deoxyribonucleic_acid.n.01", "polymer.n.01"]
totalitarian	["disciple.n.01", "follower.n.01"]
thermogram	["graph.n.01", "visual_communication.n.01"]
balminess	["good_weather.n.01", "mildness.n.01"]
episcopacy	["group.n.01", "people.n.01"]
interrupt	["electricity.n.02", "signal.n.03"]
toxicognath	["fang.n.02", "extremity.n.01"]
haptoglobin	["protein.n.01", "macromolecule.n.01"]
marginalia	["note.n.01", "written_record.n.01"]
equatorial	["telescope.n.01", "magnifier.n.01"]
cutin	["material.n.01", "plant_material.n.01"]
arctangent	["trigonometric_function.n.01", "function.n.01"]
razbliuto	["sentiment.n.01", "feeling.n.01"]
arcsine	["trigonometric_function.n.01", "function.n.01"]
turnbuckle	["mechanical_device.n.01", "coupling.n.02"]
bellicoseness	["aggressiveness.n.03", "disagreeableness.n.02"]
postdiluvian	["organism.n.01", "living_thing.n.01"]
semasiology	["semantics.n.01", "linguistics.n.01"]
mebibit	["computer_memory_unit.n.01", "unit_of_measurement.n.01"]
bong	["happening.n.01", "sound.n.04"]
barracouta	["fish.n.01", "food_fish.n.01"]
fibrousness	["quality.n.01", "attribute.n.02"]
inosine	["nucleoside.n.01", "glycoside.n.01"]
adesite	["rock.n.02", "igneous_rock.n.01"]
radiobiologist	["biologist.n.01", "scientist.n.01"]
seismogram	["graph.n.01", "visual_communication.n.01"]
eulogium	["approval.n.04", "praise.n.01"]
brachycephalism	["quality.n.01", "attribute.n.02"]
gemmule	["hypothesis.n.02", "concept.n.01"]
atrophedema	["swelling.n.01", "edema.n.01"]
stupa	["place_of_worship.n.01", "shrine.n.01"]
comp	["communication.n.01", "examination.n.02"]
antipope	["pope.n.01", "spiritual_leader.n.01", "catholic.n.01"]
postlude	["solo.n.02", "voluntary.n.02"]
bathometer	["measuring_instrument.n.01", "instrument.n.01"]
kibibyte	["computer_memory_unit.n.01", "unit_of_measurement.n.01"]
coextension	["longness.n.01", "extension.n.09"]
selenology	["astronomy.n.01", "physics.n.01"]
arthropathy	["ill_health.n.01", "pathology.n.02"]
millenary	["day.n.03", "anniversary.n.01"]
millenary	["time_period.n.01", "fundamental_quantity.n.01"]
millenary	["large_integer.n.01", "thousand.n.01"]
bluecoat	["organism.n.01", "causal_agent.n.01", "person.n.01"]
remise	["carriage.n.02", "hackney.n.01"]
remise	["building.n.01", "outbuilding.n.01"]
remise	["blow.n.01", "stab.n.02"]
catamite	["male_child.n.01", "male.n.02"]
chlorofucin	["chlorophyll.n.01", "pigment.n.01"]
prolegomenon	["section.n.01", "introduction.n.02"]
botanical	["drug.n.01", "agent.n.03"]
interstate	["highway.n.01", "road.n.01"]
gabapentin	["anticonvulsant.n.01", "medicine.n.02"]
rebroadcast	["broadcast.n.01", "message.n.01"]
trustor	["donor.n.01", "benefactor.n.01"]
aspersorium	["basin.n.01", "vessel.n.03"]
aspersorium	["device.n.01", "instrumentality.n.03"]
egalite	["equality.n.02", "status.n.01"]
lagerphone	["percussion_instrument.n.01", "musical_instrument.n.01"]
dolichocephaly	["quality.n.01", "attribute.n.02"]
bowdleriser	["skilled_worker.n.01", "editor.n.01"]
polytheist	["theist.n.01", "believer.n.02"]
holophyte	["organism.n.01", "plant.n.02"]
graphic	["representation.n.02", "picture.n.01"]
wittol	["cuckold.n.01", "husband.n.01"]
rabidity	["liveliness.n.02", "exuberance.n.02"]
pallidity	["color_property.n.01", "visual_property.n.01"]
sarcenet	["silk.n.01", "fabric.n.01"]
headwater	["point.n.02", "beginning.n.04"]
yobibit	["computer_memory_unit.n.01", "unit_of_measurement.n.01"]
nonpartisan	["organism.n.01", "causal_agent.n.01", "person.n.01"]
insurrectionism	["principle.n.03", "law.n.03"]
exabyte	["computer_memory_unit.n.01", "unit_of_measurement.n.01"]
reenactment	["activity.n.01", "performing_arts.n.01", "acting.n.01"]
homepage	["web_page.n.01", "text_file.n.01"]
habitability	["fitness.n.01", "suitability.n.01"]
immunogenicity	["immunity.n.02", "condition.n.01"]
spokeshave	["hand_tool.n.01", "edge_tool.n.01", "plane.n.05"]
salability	["quality.n.01", "attribute.n.02"]
vermiculite	["material.n.01", "mineral.n.01"]
tetroxide	["compound.n.02", "oxide.n.01"]
cahoot	["agreement.n.06", "connivance.n.01"]
descriptivism	["belief.n.01", "doctrine.n.01"]
lucrativeness	["advantage.n.01", "profit.n.02"]
pratfall	["slip.n.07", "spill.n.04"]
pratfall	["nonaccomplishment.n.01", "mistake.n.01"]
posthouse	["hostel.n.01", "hotel.n.01"]
barrater	["wrongdoer.n.01", "bad_person.n.01"]
innateness	["changelessness.n.02", "quality.n.01"]
osteology	["anatomy.n.01", "morphology.n.01"]
inherency	["being.n.01", "presence.n.01"]
fuschia	["red.n.01", "purplish_red.n.01"]
rhinolaryngology	["medicine.n.01", "medical_science.n.01"]
rancidness	["taste_property.n.01", "olfactory_property.n.01", "property.n.02"]
microfarad	["capacitance_unit.n.01", "electromagnetic_unit.n.01"]
faulting	["opening.n.01", "crack.n.01"]
magnetograph	["instrument.n.01", "scientific_instrument.n.01"]
cosmetology	["use.n.01", "practice.n.04"]
pyelitis	["inflammatory_disease.n.01", "disease.n.01"]
heterozygote	["zygote.n.01", "cell.n.02"]
colourcast	["broadcast.n.02", "television_program.n.01"]
exbibyte	["computer_memory_unit.n.01", "unit_of_measurement.n.01"]
polychrome	["product.n.02", "work.n.02"]
cere	["beak.n.02", "mouth.n.02"]
comprehensive	["communication.n.01", "examination.n.02"]
snowboarding	["slide.n.05", "motion.n.06"]
reflexology	["behaviorism.n.01", "experimental_psychology.n.01"]
reflexology	["massage.n.01", "treatment.n.01"]
sorehead	["malcontent.n.01", "person.n.01"]
salableness	["quality.n.01", "attribute.n.02"]
counterterrorist	["organism.n.01", "causal_agent.n.01", "person.n.01"]
geordie	["english_person.n.01", "britisher.n.01"]
geordie	["english.n.01", "west_germanic.n.01"]
climatologist	["expert.n.01", "person.n.01"]
piquantness	["taste_property.n.01", "spiciness.n.01"]
piquantness	["quality.n.01", "attribute.n.02"]
amyl	["group.n.02", "unit.n.05"]
foryml	["group.n.02", "acyl.n.01"]
rheometer	["measuring_instrument.n.01", "instrument.n.01"]
vampirism	["content.n.05", "belief.n.01"]
vampirism	["act.n.02", "action.n.01"]
ahem	["utterance.n.01", "auditory_communication.n.01"]
probiotic	["microorganism.n.01", "bacteria.n.01"]
arccos	["trigonometric_function.n.01", "function.n.01"]
rockiness	["irregularity.n.02", "unevenness.n.01"]
seductress	["seducer.n.01", "bad_person.n.01"]
sesquicentennial	["day.n.03", "anniversary.n.01"]
swale	["natural_depression.n.01", "trough.n.01"]
superstratum	["stratum.n.01", "layer.n.02"]
superstratum	["language.n.01", "communication.n.02"]
tradespeople	["group.n.01", "people.n.01"]
miotic	["drug.n.01", "agent.n.03"]
emeritus	["nonworker.n.01", "retiree.n.01"]
discography	["list.n.01", "catalog.n.02"]
puffery	["compliment.n.01", "flattery.n.01"]
parlay	["bet.n.02", "gambling.n.01"]
creepiness	["perception.n.03", "touch.n.10"]
solvability	["property.n.02", "attribute.n.02"]
adhocracy	["organization.n.01", "social_group.n.01"]
fascista	["fascist.n.01", "rightist.n.01"]
latakia	["tobacco.n.01", "turkish_tobacco.n.01"]
latakia	["municipality.n.01", "city.n.01"]
latakia	["port.n.01", "geographic_point.n.01"]
hierocracy	["theocracy.n.01", "political_system.n.01"]
totemist	["organism.n.01", "causal_agent.n.01", "person.n.01"]
arctan	["trigonometric_function.n.01", "function.n.01"]
alienor	["granter.n.01", "grantor.n.01"]
osteologer	["expert.n.01", "anatomist.n.01"]
commute	["travel.n.01", "journey.n.01"]
bling	["adornment.n.01", "jewelry.n.01"]
profiterole	["pastry.n.02", "baked_goods.n.01"]
darner	["mender.n.01", "skilled_worker.n.01"]
ramipril	["antihypertensive.n.01", "ace_inhibitor.n.01"]
meitnerium	["substance.n.01", "chemical_element.n.01"]
bobble	["blunder.n.01", "mistake.n.01"]
clop	["happening.n.01", "sound.n.04"]
glossarist	["scholar.n.01", "scholiast.n.01"]
maxi	["garment.n.01", "skirt.n.02"]
venerability	["honorableness.n.01", "righteousness.n.01"]
passado	["blow.n.01", "stab.n.02"]
muskiness	["olfactory_property.n.01", "property.n.02"]
splenius	["muscle.n.01", "skeletal_muscle.n.01"]
haplotype	["collection.n.01", "combination.n.01"]
mambo	["dancing.n.01", "diversion.n.01", "performing_arts.n.01"]
rawness	["damp.n.01", "wetness.n.01"]
rawness	["integrity.n.01", "state.n.02"]
rawness	["pain.n.01", "symptom.n.01"]
rawness	["content.n.05", "ignorance.n.01"]
absorbance	["compactness.n.02", "density.n.01"]
fermata	["notation.n.01", "musical_notation.n.01"]
fermata	["duration.n.03", "lengthiness.n.02"]
gibibyte	["computer_memory_unit.n.01", "unit_of_measurement.n.01"]
vardenafil	["virility_drug.n.01", "drug.n.01"]
pesto	["condiment.n.01", "sauce.n.01"]
innocency	["naivete.n.01", "artlessness.n.01"]
rectorship	["position.n.06", "occupation.n.01"]
homeroom	["room.n.01", "classroom.n.01"]
dustiness	["dirtiness.n.01", "sanitary_condition.n.01"]
mobocracy	["political_system.n.01", "social_group.n.01"]
tideland	["shore.n.01", "seashore.n.01"]
euthenics	["natural_science.n.01", "life_science.n.01"]
osteologist	["expert.n.01", "anatomist.n.01"]
bandoneon	["concertina.n.02", "free-reed_instrument.n.01"]
raininess	["badness.n.02", "intensity.n.02"]
neve	["ice.n.02", "object.n.01"]
sudatorium	["house.n.12", "bathhouse.n.02"]
phytochemistry	["organic_chemistry.n.01", "chemistry.n.01"]
dextrin	["carbohydrate.n.01", "polysaccharide.n.01"]
covariation	["variation.n.07", "process.n.06"]
archaist	["organism.n.01", "expert.n.01", "causal_agent.n.01", "person.n.01"]
disfluency	["unskillfulness.n.01", "inability.n.01"]
witching	["use.n.01", "practice.n.04"]
desipramine	["tricyclic.n.01", "antidepressant.n.01"]
ding	["happening.n.01", "sound.n.04"]
ding	["blemish.n.01", "appearance.n.01"]
conceitedness	["trait.n.01", "attribute.n.02"]
kilobit	["computer_memory_unit.n.01", "unit_of_measurement.n.01"]
perishability	["unsatisfactoriness.n.01", "quality.n.01"]
sunglass	["converging_lens.n.01", "lens.n.01"]
combustibility	["quality.n.01", "attribute.n.02"]
filicide	["parent.n.01", "genitor.n.01"]
filicide	["murder.n.01", "homicide.n.01"]
devotional	["religious_ceremony.n.01", "service.n.03"]
logomachy	["argument.n.03", "discussion.n.02"]
absurd	["state.n.02", "situation.n.01"]
blanc	["sauce.n.01", "white_sauce.n.01"]
duodecimal	["fraction.n.03", "common_fraction.n.01"]
nonpartizan	["organism.n.01", "causal_agent.n.01", "person.n.01"]
perimysium	["animal_tissue.n.01", "connective_tissue.n.01"]
corporatism	["control.n.01", "power.n.01"]
ankus	["device.n.01", "prod.n.02"]
cephalometry	["measurement.n.01", "activity.n.01"]
quinquennium	["time_period.n.01", "fundamental_quantity.n.01"]
arthritic	["case.n.06", "patient.n.01", "sick_person.n.01"]
alienee	["acquirer.n.01", "recipient.n.01"]
princeling	["prince.n.01", "aristocrat.n.01"]
retronym	["language_unit.n.01", "word.n.01"]
falangist	["fascist.n.01", "rightist.n.01"]
extremeness	["quality.n.01", "attribute.n.02"]
phlebotomist	["worker.n.01", "skilled_worker.n.01"]
tope	["place_of_worship.n.01", "shrine.n.01"]
voicemail	["telecommunication.n.01", "telephone.n.02"]
azurite	["malachite.n.01", "mineral.n.01"]
metalhead	["fan.n.03", "follower.n.01"]
feculence	["dirtiness.n.01", "sanitary_condition.n.01"]
pinkness	["pink.n.01", "chromatic_color.n.01"]
shinney	["field_game.n.01", "field_hockey.n.01"]
cymbalist	["percussionist.n.01", "musician.n.01"]
lowboy	["furniture.n.01", "chest_of_drawers.n.01"]
flagging	["collection.n.01", "group.n.01"]
flagging	["path.n.02", "walk.n.05"]
clunking	["happening.n.01", "sound.n.04"]
homeotherm	["organism.n.01", "animal.n.01"]
pinole	["foodstuff.n.02", "meal.n.03"]
anti	["organism.n.01", "causal_agent.n.01", "person.n.01"]
adoxography	["verbal_creation.n.01", "writing.n.01"]
catalectic	["line_of_poetry.n.01", "line.n.05"]
segregationism	["orientation.n.02", "political_orientation.n.01"]
ununquadium	["substance.n.01", "chemical_element.n.01"]
directiveness	["quality.n.01", "attribute.n.02"]
bereaved	["organism.n.01", "causal_agent.n.01", "person.n.01"]
craniology	["natural_science.n.01", "life_science.n.01"]
towhead	["blond.n.01", "person.n.01"]
nitramine	["explosive.n.01", "chemical.n.01"]
basuco	["hard_drug.n.01", "cocaine.n.01"]
corporatist	["advocate.n.01", "supporter.n.01"]
acatalectic	["line_of_poetry.n.01", "line.n.05"]
steatopygia	["bodily_property.n.01", "fatness.n.01"]
septectomy	["operation.n.06", "ablation.n.01"]
hassium	["substance.n.01", "chemical_element.n.01"]
utterness	["extent.n.02", "limit.n.01"]
settlor	["donor.n.01", "benefactor.n.01"]
moderationism	["plan_of_action.n.01", "policy.n.01"]
potlatch	["party.n.04", "ceremony.n.01", "fete.n.01", "affair.n.03"]
scaliness	["texture.n.01", "roughness.n.01"]
gynecocracy	["political_system.n.01", "social_group.n.01"]
paleographer	["anthropologist.n.01", "archeologist.n.01"]
electrotherapy	["medical_care.n.01", "therapy.n.01"]
falanga	["persecution.n.01", "torture.n.05"]
quadrivium	["discipline.n.01", "humanistic_discipline.n.01"]
trichotomy	["classification.n.02", "arrangement.n.02"]
commissure	["white_matter.n.01", "nerve_pathway.n.01"]
monolingual	["organism.n.01", "causal_agent.n.01", "person.n.01"]
sudorific	["medicine.n.02", "drug.n.01"]
stanhope	["horse-drawn_vehicle.n.01", "carriage.n.02"]
gangsta	["peer.n.01", "person.n.01"]
hobbyism	["commitment.n.02", "devotion.n.02"]
arcsecant	["trigonometric_function.n.01", "function.n.01"]
barratry	["traffic.n.02", "commerce.n.01"]
barratry	["crime.n.01", "bribery.n.01", "fraud.n.01", "transgression.n.01", "felony.n.01"]
rappel	["motion.n.06", "descent.n.03"]
ratatouille	["stew.n.02", "dish.n.02"]
lobbyism	["activity.n.01", "practice.n.01"]
terabit	["computer_memory_unit.n.01", "unit_of_measurement.n.01"]
mongoloid	["inhabitant.n.01", "person_of_color.n.01", "asian.n.01"]
mongoloid	["idiot.n.01", "simpleton.n.01"]
gerontocracy	["political_system.n.01", "social_group.n.01"]
mottle	["color.n.01", "visual_property.n.01"]
algidity	["illness.n.01", "collapse.n.01"]
faultlessness	["propriety.n.01", "correctness.n.02"]
mismatch	["counterpart.n.01", "equivalent.n.01"]
readout	["signal.n.01", "output_signal.n.01"]
readout	["message.n.02", "information.n.01"]
readout	["device.n.01", "electronic_device.n.01"]
trivium	["discipline.n.01", "humanistic_discipline.n.01"]
stratocracy	["polity.n.02", "government.n.01"]
wurtzite	["material.n.01", "mineral.n.01"]
whoosh	["noise.n.01", "sound.n.04"]
diastema	["opening.n.01", "space.n.02"]
dinette	["area.n.05", "room.n.01"]
caulk	["sealant.n.01", "sealing_material.n.01"]
egality	["equality.n.02", "status.n.01"]
backlighting	["apparatus.n.01", "lighting.n.02"]
equilateral	["figure.n.06", "shape.n.02"]
homonymy	["linguistic_relation.n.01", "relation.n.01"]
chrestomathy	["excerpt.n.01", "passage.n.02"]
seismography	["measurement.n.01", "activity.n.01"]
vitrine	["container.n.01", "instrumentality.n.03"]
gesso	["gypsum.n.01", "mineral.n.01", "plaster_of_paris.n.01", "calcium_sulphate.n.01"]
suffragism	["content.n.05", "belief.n.01"]
tourtiere	["pie.n.01", "meat_pie.n.01"]
asyndeton	["device.n.02", "rhetorical_device.n.01"]
anthroposophy	["method.n.01", "system.n.04"]
vestiture	["clothing.n.01", "covering.n.02", "consumer_goods.n.01"]
woodenness	["awkwardness.n.04", "inelegance.n.01"]
semiweekly	["series.n.03", "periodical.n.01"]
ochlocracy	["political_system.n.01", "social_group.n.01"]
robalo	["spiny-finned_fish.n.01", "percoid_fish.n.01"]
frequentative	["verb.n.02", "content_word.n.01"]
downstage	["stage.n.03", "platform.n.01"]
micrometry	["measurement.n.01", "activity.n.01"]
agglomerate	["volcanic_rock.n.01", "igneous_rock.n.01"]
agglomerate	["collection.n.01", "group.n.01"]
ununhexium	["substance.n.01", "chemical_element.n.01"]
weightlift	["exercise.n.01", "bodybuilding.n.01"]
superstrate	["stratum.n.01", "layer.n.02"]
superstrate	["language.n.01", "communication.n.02"]
kibit	["computer_memory_unit.n.01", "unit_of_measurement.n.01"]
amygdaloid	["volcanic_rock.n.01", "igneous_rock.n.01"]
macho	["person.n.01", "male.n.02"]
prehensor	["limb.n.01", "leg.n.02"]
saute	["dish.n.02", "nutriment.n.01"]
segregate	["organism.n.01", "causal_agent.n.01", "person.n.01"]
rectorate	["position.n.06", "occupation.n.01"]
storybook	["book.n.01", "publication.n.01"]
soapiness	["quality.n.01", "attribute.n.02"]
schnorrer	["moocher.n.01", "beggar.n.01"]
symposiast	["participant.n.01", "attendant.n.02"]
nepotist	["adult.n.01", "important_person.n.01"]
workwear	["clothing.n.01", "apparel.n.01"]
loungewear	["clothing.n.01", "covering.n.02", "consumer_goods.n.01"]
julienne	["vegetable.n.01", "produce.n.01"]
julienne	["soup.n.01", "dish.n.02"]
petabit	["computer_memory_unit.n.01", "unit_of_measurement.n.01"]
haymow	["large_indefinite_quantity.n.01", "batch.n.02"]
haymow	["floor.n.02", "loft.n.02"]
soochong	["black_tea.n.01", "tea.n.05"]
zebibyte	["computer_memory_unit.n.01", "unit_of_measurement.n.01"]
philhellenism	["admiration.n.01", "liking.n.01"]
biriani	["dish.n.02", "nutriment.n.01"]
autochthon	["person.n.01", "primitive.n.01"]
stogy	["roll_of_tobacco.n.01", "cigar.n.01"]
folderal	["artifact.n.01", "decoration.n.01"]
spoilable	["foodstuff.n.02", "food.n.01"]
fagoting	["embroidery.n.02", "needlework.n.01"]
scauper	["hand_tool.n.01", "graver.n.01"]
barrator	["wrongdoer.n.01", "bad_person.n.01"]
tebibit	["computer_memory_unit.n.01", "unit_of_measurement.n.01"]
brochette	["spit.n.03", "skewer.n.01"]
hire	["employee.n.01", "worker.n.01"]
hire	["act.n.02", "event.n.01"]
neuropil	["animal_tissue.n.01", "nervous_tissue.n.01"]
nightlife	["entertainment.n.01", "diversion.n.01", "activity.n.01"]
hypothetical	["hypothesis.n.02", "concept.n.01"]
ultima	["language_unit.n.01", "syllable.n.01"]
reflectiveness	["trait.n.01", "thoughtfulness.n.03"]
angioedema	["swelling.n.01", "edema.n.01"]
retinopathy	["eye_disease.n.01", "disease.n.01"]
neediness	["financial_condition.n.01", "poverty.n.01"]
neediness	["quality.n.01", "attribute.n.02"]
neuropile	["animal_tissue.n.01", "nervous_tissue.n.01"]
arachnophobia	["simple_phobia.n.01", "zoophobia.n.01"]
equidistribution	["arrangement.n.03", "distribution.n.01"]
ringway	["highway.n.01", "road.n.01"]
cuckoldry	["seduction.n.02", "sexual_conquest.n.01"]
bohrium	["substance.n.01", "chemical_element.n.01"]
perishableness	["unsatisfactoriness.n.01", "quality.n.01"]
moviemaking	["devising.n.01", "production.n.01"]
otherworld	["entity.n.01", "abstraction.n.06"]
homozygote	["zygote.n.01", "cell.n.02"]
ununbium	["substance.n.01", "chemical_element.n.01"]
skedaddle	["running_away.n.01", "escape.n.01"]
squabbler	["malcontent.n.01", "person.n.01"]
sensorium	["cortical_area.n.01", "area.n.03"]
cardholder	["holder.n.02", "owner.n.02"]
cardholder	["card_player.n.01", "player.n.01"]
swoosh	["noise.n.01", "sound.n.04"]
filaggrin	["protein.n.01", "macromolecule.n.01"]
mebibyte	["computer_memory_unit.n.01", "unit_of_measurement.n.01"]
spirometry	["measurement.n.01", "activity.n.01"]
ethnic	["organism.n.01", "causal_agent.n.01", "person.n.01"]
reenactor	["performer.n.01", "actor.n.01"]
tirolean	["hat.n.01", "headdress.n.01"]
yottabit	["computer_memory_unit.n.01", "unit_of_measurement.n.01"]
stocktaker	["employee.n.01", "worker.n.01"]
epithalamium	["lyric.n.02", "ode.n.01"]
odist	["writer.n.01", "poet.n.01"]
revolutionism	["content.n.05", "belief.n.01"]
intestacy	["state.n.02", "situation.n.01"]
combustibleness	["quality.n.01", "attribute.n.02"]
didacticism	["abstraction.n.06", "communication.n.02"]
hygienist	["doctor.n.01", "specialist.n.02"]
snoek	["fish.n.01", "food_fish.n.01"]
bluenose	["canadian.n.01", "north_american.n.01"]
prescriptivism	["belief.n.01", "doctrine.n.01"]
polder	["object.n.01", "land.n.02"]
vaporizer	["device.n.01", "instrumentality.n.03"]
catechin	["phenol.n.01", "tannin.n.01"]
generic	["alcohol.n.01", "wine.n.01"]
generic	["commodity.n.01", "merchandise.n.01"]
colorcast	["broadcast.n.02", "television_program.n.01"]
spelter	["metallic_element.n.01", "zinc.n.01"]
gambist	["musician.n.01", "performer.n.01"]
falderol	["artifact.n.01", "decoration.n.01"]
pizzicato	["music.n.01", "auditory_communication.n.01"]
monoculture	["culture.n.07", "cultivation.n.02"]
boulevardier	["traveler.n.01", "visitor.n.01"]
arithmancy	["prophecy.n.01", "divination.n.03"]
metallic	["artifact.n.01", "fabric.n.01"]
metallic	["thread.n.01", "cord.n.01"]
festschrift	["memorial.n.01", "recognition.n.03"]
gibibit	["computer_memory_unit.n.01", "unit_of_measurement.n.01"]
hexapod	["organism.n.01", "animal.n.01"]
microflora	["microorganism.n.01", "plant.n.02", "organism.n.01"]
pointillist	["artist.n.01", "painter.n.01"]
rollerblader	["roller-skater.n.01", "skater.n.01"]
asininity	["folly.n.01", "trait.n.01"]
spyware	["software.n.01", "code.n.03"]
historicism	["hypothesis.n.02", "concept.n.01"]
pluralisation	["inflection.n.01", "grammatical_relation.n.01"]
spinnbarkeit	["spinnability.n.01", "quality.n.01"]
crystallographer	["specialist.n.01", "expert.n.01"]
glucosamine	["group.n.02", "amino.n.01"]
glucosamine	["glucose.n.01", "aldohexose.n.01"]
ophthalmoscopy	["examination.n.01", "investigation.n.02"]
gentlefolk	["folk.n.01", "people.n.01"]
naif	["person.n.01", "innocent.n.01"]
exbibit	["computer_memory_unit.n.01", "unit_of_measurement.n.01"]
moonlighter	["worker.n.01", "person.n.01"]
bohemianism	["activity.n.01", "behavior.n.01"]
simper	["facial_expression.n.01", "smile.n.01"]
tall	["property.n.02", "size.n.02"]
underlip	["articulator.n.02", "lip.n.01", "external_body_part.n.01"]
nosedive	["decline.n.01", "decrease.n.02"]
nosedive	["motion.n.06", "descent.n.03"]
telefilm	["movie.n.01", "product.n.02", "show.n.03"]
roadkill	["body.n.03", "natural_object.n.01"]
pomologist	["biologist.n.01", "botanist.n.01"]
contemptuousness	["pride.n.05", "arrogance.n.01"]
tetrodotoxin	["neurotoxin.n.01", "toxin.n.01"]
sextillion	["integer.n.01", "large_integer.n.01"]
toolshed	["shed.n.01", "outbuilding.n.01"]
playmaker	["player.n.01", "contestant.n.01"]
keratohyalin	["transparent_substance.n.01", "hyaline.n.01"]
doxazosin	["antihypertensive.n.01", "medicine.n.02"]
stocktake	["inventory.n.05", "listing.n.02"]
faggoting	["embroidery.n.02", "needlework.n.01"]
kachina	["performer.n.01", "dancer.n.01"]
kachina	["spirit.n.04", "spiritual_being.n.01"]
kachina	["plaything.n.01", "doll.n.01"]
hypertensive	["case.n.06", "patient.n.01", "sick_person.n.01"]
pluralization	["inflection.n.01", "grammatical_relation.n.01"]
zillion	["indefinite_quantity.n.01", "large_indefinite_quantity.n.01"]
psychodynamics	["interrelation.n.01", "relation.n.01"]
psychodynamics	["psychology.n.01", "social_psychology.n.01"]
sonatina	["classical_music.n.01", "sonata.n.01"]
nebule	["cloud.n.02", "atmospheric_phenomenon.n.01"]
idle	["action.n.02", "operation.n.01"]
burnability	["quality.n.01", "attribute.n.02"]
yardbird	["enlisted_man.n.01", "recruit.n.01"]
yardbird	["unfortunate.n.01", "prisoner.n.01"]
taoiseach	["head_of_state.n.01", "chancellor.n.02"]
lemongrass	["lipid.n.01", "oil.n.01"]
lemongrass	["gramineous_plant.n.01", "grass.n.01"]
nonconformism	["orientation.n.02", "unorthodoxy.n.01"]
nonconformism	["activity.n.01", "practice.n.01"]
evolutionist	["believer.n.01", "supporter.n.01"]
mendicity	["poverty.n.01", "indigence.n.01"]
septillion	["integer.n.01", "large_integer.n.01"]
fetch	["act.n.02", "action.n.01"]
timeline	["written_record.n.01", "chronology.n.02"]
arccotangent	["trigonometric_function.n.01", "function.n.01"]
brooklet	["stream.n.01", "brook.n.01"]
perishable	["foodstuff.n.02", "food.n.01"]
moppet	["female.n.02", "female_child.n.01"]
roentgenium	["substance.n.01", "chemical_element.n.01"]
matchmaking	["intervention.n.01", "mediation.n.02"]
apparatchik	["skilled_worker.n.01", "official.n.01"]
apparatchik	["communist.n.02", "socialist.n.01"]
distressingness	["quality.n.01", "attribute.n.02"]
elective	["course.n.01", "education.n.01"]
advisory	["announcement.n.02", "statement.n.01"]
quesadilla	["burrito.n.01", "dish.n.02"]
subtotal	["sum.n.02", "quantity.n.03"]
garnishee	["earner.n.01", "jobholder.n.01"]
countryfolk	["group.n.01", "citizenry.n.01", "folk.n.01", "people.n.01"]
tadalafil	["virility_drug.n.01", "drug.n.01"]
druidism	["religion.n.01", "paganism.n.01"]
immunocompetence	["quality.n.01", "ability.n.01"]
gimcrack	["artifact.n.01", "decoration.n.01"]
luau	["party.n.04", "fete.n.01"]
mumble	["utterance.n.01", "auditory_communication.n.01"]
audible	["play.n.03", "football_play.n.01"]
segue	["passage.n.01", "change_of_state.n.01"]
varietal	["alcohol.n.01", "wine.n.01"]
alcalde	["judge.n.01", "adjudicator.n.01", "official.n.01"]
alcalde	["civil_authority.n.01", "mayor.n.01", "politician.n.01"]
great	["achiever.n.01", "person.n.01"]
minimus	["extremity.n.01", "digit.n.03"]
symbology	["discipline.n.01", "ology.n.01"]
recessive	["allele.n.01", "gene.n.01"]
mnemonic	["device.n.03", "maneuver.n.04"]
ambulatory	["path.n.02", "walk.n.05"]
philogyny	["admiration.n.01", "liking.n.01"]
impeccability	["propriety.n.01", "correctness.n.02"]
impeccability	["morality.n.01", "righteousness.n.01"]
iterative	["grammatical_relation.n.01", "aspect.n.04"]
caulking	["sealant.n.01", "sealing_material.n.01"]
gigabit	["computer_memory_unit.n.01", "unit_of_measurement.n.01"]
geneticism	["content.n.05", "belief.n.01"]
thunderhead	["cumulus.n.01", "cloud.n.02"]
transgene	["sequence.n.01", "gene.n.01"]
forager	["hunter.n.02", "seeker.n.01"]
mixology	["skill.n.01", "ability.n.02"]
lentisk	["shrub.n.01", "woody_plant.n.01"]
foppishness	["demeanor.n.01", "manner.n.02"]
squish	["noise.n.01", "sound.n.04"]
shinny	["field_game.n.01", "field_hockey.n.01"]
stratigraphy	["geology.n.01", "earth_science.n.01"]
housemate	["inhabitant.n.01", "resident.n.01"]
valgus	["affliction.n.02", "deformity.n.01"]
symphonist	["musician.n.02", "composer.n.01"]
chorizo	["meat.n.01", "sausage.n.01"]
khakis	["uniform.n.01", "military_uniform.n.01"]
khakis	["artifact.n.01", "fabric.n.01"]
levator	["contractile_organ.n.01", "muscle.n.01"]
extensiveness	["magnitude.n.03", "importance.n.01"]
colchicine	["analgesic.n.01", "medicine.n.02"]
infinitesimal	["variable.n.02", "quantity.n.03"]
svoboda	["state.n.02", "freedom.n.01"]
asthmatic	["organism.n.01", "causal_agent.n.01", "person.n.01"]
lingual	["consonant.n.01", "phone.n.02"]
arcsin	["trigonometric_function.n.01", "function.n.01"]
overlip	["articulator.n.02", "lip.n.01", "external_body_part.n.01"]
detumescence	["decline.n.01", "decrease.n.02"]
semimonthly	["series.n.03", "periodical.n.01"]
octillion	["integer.n.01", "large_integer.n.01"]
orangery	["greenhouse.n.01", "building.n.01"]
orangery	["estate.n.02", "plantation.n.01"]
mammalogist	["biologist.n.01", "zoologist.n.01"]
isoclinal	["line.n.11", "isogram.n.01"]
entelechy	["actuality.n.01", "being.n.01"]
venerableness	["honorableness.n.01", "righteousness.n.01"]
exabit	["computer_memory_unit.n.01", "unit_of_measurement.n.01"]
ironclad	["warship.n.01", "ship.n.01", "military_vehicle.n.01"]
embryologist	["doctor.n.01", "specialist.n.02"]
nonresident	["organism.n.01", "causal_agent.n.01", "person.n.01"]
glipizide	["antidiabetic.n.01", "medicine.n.02"]
gonioscopy	["examination.n.01", "investigation.n.02"]
kurus	["monetary_unit.n.01", "turkish_monetary_unit.n.01"]
kurus	["disorder.n.01", "nervous_disorder.n.01"]
vizsla	["pointer.n.04", "sporting_dog.n.01"]
hegemon	["state.n.04", "world_power.n.01"]
partita	["theme.n.03", "variation.n.03"]
partita	["suite.n.01", "musical_composition.n.01"]
tebibyte	["computer_memory_unit.n.01", "unit_of_measurement.n.01"]
introit	["musical_composition.n.01", "music.n.01"]
touchscreen	["computer_screen.n.01", "screen.n.03"]
arsenical	["drug.n.01", "agent.n.03"]
arsenical	["chemical.n.01", "pesticide.n.01"]
graviton	["gauge_boson.n.01", "boson.n.01"]
nominalist	["scholar.n.01", "philosopher.n.01"]
flavone	["compound.n.02", "chemical.n.01"]
bowdlerizer	["skilled_worker.n.01", "editor.n.01"]
heterometabolism	["organic_process.n.01", "metamorphosis.n.01"]
gangliocyte	["somatic_cell.n.01", "nerve_cell.n.01"]
latest	["news.n.01", "information.n.01"]
gimbal	["appliance.n.01", "device.n.01"]
yobibyte	["computer_memory_unit.n.01", "unit_of_measurement.n.01"]
obstruent	["consonant.n.01", "phone.n.02"]
trombiculid	["mite.n.02", "acarine.n.01"]
quartan	["symptom.n.01", "ague.n.02"]
covertness	["privacy.n.02", "isolation.n.01"]
thoracotomy	["incision.n.02", "cut.n.16"]
phalangist	["fascist.n.01", "rightist.n.01"]
cornstalk	["plant_organ.n.01", "stalk.n.02"]
varus	["affliction.n.02", "deformity.n.01"]
champerty	["activity.n.01", "wrongdoing.n.02"]
unsolvability	["property.n.02", "attribute.n.02"]
peeve	["temper.n.02", "feeling.n.01"]
anthropophagy	["cannibalism.n.01", "practice.n.01"]
uxoricide	["spouse.n.01", "husband.n.01"]
uxoricide	["murder.n.01", "homicide.n.01"]
zymology	["organic_chemistry.n.01", "biochemistry.n.01"]
arccosecant	["trigonometric_function.n.01", "function.n.01"]
classwork	["school_assignment.n.01", "assignment.n.05"]
memorability	["quality.n.01", "attribute.n.02"]
pebibit	["computer_memory_unit.n.01", "unit_of_measurement.n.01"]
candlepin	["bowling_pin.n.01", "bowling_equipment.n.01"]
ashram	["retreat.n.02", "area.n.01"]
waviness	["shape.n.01", "curvature.n.03"]
waviness	["irregularity.n.02", "unevenness.n.01"]
liposuction	["lipectomy.n.01", "plastic_surgery.n.01"]
theosophism	["content.n.05", "belief.n.01"]
heterosis	["tendency.n.03", "disposition.n.04"]
confit	["cut.n.06", "meat.n.01"]
know	["higher_cognitive_process.n.01", "knowing.n.01"]
hydrologist	["geologist.n.01", "scientist.n.01"]
scorper	["hand_tool.n.01", "graver.n.01"]
episcopate	["tenure.n.01", "term.n.02"]
episcopate	["district.n.01", "jurisdiction.n.02"]
episcopate	["group.n.01", "people.n.01"]
episcopate	["position.n.06", "occupation.n.01"]
clumping	["happening.n.01", "sound.n.04"]
phytochemical	["material.n.01", "chemical.n.01"]
stogie	["roll_of_tobacco.n.01", "cigar.n.01"]
aromatherapy	["medical_care.n.01", "therapy.n.01"]
hornbook	["textbook.n.01", "primer.n.01"]
schlep	["simpleton.n.01", "person.n.01"]
schlep	["travel.n.01", "journey.n.01"]
sights	["optical_instrument.n.01", "instrument.n.01"]
sights	["visual_percept.n.01", "percept.n.01"]
sights	["communication.n.02", "display.n.05"]
sights	["modality.n.03", "sensitivity.n.01", "exteroception.n.01", "sense.n.03"]
sights	["orientation.n.02", "position.n.03"]
sights	["capability.n.03", "compass.n.03"]
sights	["sensing.n.02", "look.n.02"]
sights	["indefinite_quantity.n.01", "large_indefinite_quantity.n.01"]
friendly	["military_personnel.n.01", "force.n.04"]
otorhinolaryngology	["medicine.n.01", "medical_science.n.01"]
tiptop	["state.n.02", "degree.n.02"]
tiptop	["top.n.02", "side.n.04"]
purlieu	["region.n.03", "geographical_area.n.01"]
souchong	["black_tea.n.01", "tea.n.05"]
expurgator	["skilled_worker.n.01", "editor.n.01"]
worldling	["organism.n.01", "inhabitant.n.01", "causal_agent.n.01", "person.n.01"]
chichi	["person.n.01", "dresser.n.02"]
chichi	["quality.n.01", "elegance.n.01"]
darmstadtium	["substance.n.01", "chemical_element.n.01"]
like	["category.n.02", "kind.n.01"]
gawker	["spectator.n.01", "perceiver.n.01"]
citrate	["organic_compound.n.01", "salt.n.01", "compound.n.02", "ester.n.01"]
feedstock	["raw_material.n.01", "material.n.01"]
oenomel	["liquid.n.01", "beverage.n.01", "food.n.01"]
unemployed	["group.n.01", "people.n.01"]
pebibyte	["computer_memory_unit.n.01", "unit_of_measurement.n.01"]
blogger	["organism.n.01", "causal_agent.n.01", "person.n.01"]
ancient	["causal_agent.n.01", "adult.n.01", "oldster.n.01", "organism.n.01", "person.n.01"]
thermochemistry	["natural_science.n.01", "chemistry.n.01"]
clopping	["happening.n.01", "sound.n.04"]
zettabit	["computer_memory_unit.n.01", "unit_of_measurement.n.01"]
provirus	["complementary_dna.n.01", "deoxyribonucleic_acid.n.01"]
tonometry	["measurement.n.01", "activity.n.01"]
waxiness	["quality.n.01", "attribute.n.02"]
brachycephalic	["person.n.01", "adult.n.01"]
leakiness	["state.n.02", "condition.n.01"]
streusel	["pastry.n.02", "baked_goods.n.01"]
streusel	["topping.n.01", "garnish.n.01"]
above	["section.n.01", "music.n.01", "writing.n.02"]
hostilities	["battle.n.01", "combat.n.01"]
hostilities	["unfriendliness.n.02", "disposition.n.01"]
hostilities	["state.n.02", "attribute.n.02"]
hostilities	["hate.n.01", "emotion.n.01"]
hostilities	["act.n.02", "action.n.01"]
dysphasia	["unfitness.n.01", "disability.n.01"]
shlep	["simpleton.n.01", "person.n.01"]
shlep	["travel.n.01", "journey.n.01"]
graphology	["discipline.n.01", "knowledge_domain.n.01"]
ultimate	["quality.n.01", "attribute.n.02"]
jodhpurs	["trouser.n.01", "garment.n.01"]
jodhpurs	["riding_boot.n.01", "boot.n.01"]
boatyard	["geographical_area.n.01", "place.n.02"]
sleepwear	["clothing.n.01", "covering.n.02", "consumer_goods.n.01"]
birdfeeder	["device.n.01", "instrumentality.n.03"]
medusoid	["invertebrate.n.01", "coelenterate.n.01"]
hypercatalectic	["line_of_poetry.n.01", "line.n.05"]
cinchonine	["alkaloid.n.01", "organic_compound.n.01"]
fluorescent	["lighting_fixture.n.01", "fixture.n.01"]
hiddenness	["privacy.n.02", "isolation.n.01"]
bombazine	["artifact.n.01", "fabric.n.01"]
northwestward	["direction.n.02", "compass_point.n.01"]
bellicosity	["aggressiveness.n.03", "disagreeableness.n.02"]
fleer	["organism.n.01", "causal_agent.n.01", "person.n.01"]
fleer	["contempt.n.03", "disrespect.n.01"]
catholicon	["remedy.n.02", "medicine.n.02"]
dishtowel	["piece_of_cloth.n.01", "towel.n.01"]
hemodynamics	["physiology.n.01", "biology.n.01"]
philomath	["scholar.n.01", "intellectual.n.01"]
starches	["foodstuff.n.02", "food.n.01"]
starches	["carbohydrate.n.01", "polysaccharide.n.01"]
starches	["compound.n.02", "formulation.n.01"]
ephemeral	["arthropod.n.01", "insect.n.01"]
agamete	["reproductive_structure.n.01", "plant_organ.n.01"]
latchet	["leather_strip.n.01", "strap.n.01"]
expounder	["person.n.01", "intellectual.n.01"]
scablands	["object.n.01", "land.n.02"]
recirculation	["circulation.n.06", "spread.n.10"]
zebibit	["computer_memory_unit.n.01", "unit_of_measurement.n.01"]
virilism	["feature.n.01", "sex_characteristic.n.01"]
malacologist	["biologist.n.01", "zoologist.n.01"]
theremin	["electronic_instrument.n.01", "musical_instrument.n.01"]
megestrol	["steroid_hormone.n.01", "progestin.n.01"]
conferrer	["good_person.n.01", "communicator.n.01", "person.n.01", "benefactor.n.01"]
earplug	["electro-acoustic_transducer.n.01", "earphone.n.01"]
earplug	["plug.n.01", "blockage.n.02"]
erotic	["person.n.01", "sensualist.n.01"]
curiosa	["book.n.01", "publication.n.01"]
agnomen	["name.n.01", "language_unit.n.01"]
defensibility	["ability.n.01", "capability.n.01"]
proteosome	["immunogen.n.01", "vaccine.n.01"]
funambulism	["diversion.n.01", "sport.n.01"]
azithromycin	["medicine.n.02", "antibacterial.n.01"]
gamine	["street_urchin.n.01", "urchin.n.01"]
gamine	["girl.n.01", "woman.n.01"]
blaxploitation	["mistreatment.n.01", "exploitation.n.02"]
phosphor	["synthetic.n.01", "compound.n.02"]
wayfaring	["motion.n.06", "travel.n.01"]
dibs	["claim.n.01", "assertion.n.01"]
quadrennium	["time_period.n.01", "fundamental_quantity.n.01"]
magnifico	["adult.n.01", "important_person.n.01"]
escapology	["discipline.n.01", "knowledge_domain.n.01"]
neoconservatism	["conservatism.n.01", "political_orientation.n.01"]
zettabyte	["computer_memory_unit.n.01", "unit_of_measurement.n.01"]
decantation	["transfusion.n.02", "action.n.01"]
scriptorium	["area.n.05", "room.n.01"]
employable	["worker.n.01", "person.n.01"]
rollerblading	["skating.n.01", "roller_skating.n.01"]
piggyback	["carry.n.01", "transportation.n.02"]
bilingualism	["cognition.n.01", "ability.n.02"]
yottabyte	["computer_memory_unit.n.01", "unit_of_measurement.n.01"]
trusty	["convict.n.01", "prisoner.n.01"]
lactate	["organic_compound.n.01", "salt.n.01", "compound.n.02", "ester.n.01"]
exotherm	["compound.n.02", "chemical.n.01"]
thanatopsis	["essay.n.01", "writing.n.02"]
cappuccino	["beverage.n.01", "coffee.n.01"]
overage	["possession.n.02", "assets.n.01"]
invariant	["feature.n.01", "property.n.04"]
luxuriation	["pleasure.n.04", "activity.n.01"]
bouffant	["hairdo.n.01", "hair.n.01"]
woodsiness	["quality.n.01", "attribute.n.02"]
abator	["organism.n.01", "causal_agent.n.01", "person.n.01"]
inchoative	["grammatical_relation.n.01", "aspect.n.04"]
swivet	["fear.n.01", "panic.n.01"]
frizz	["state.n.02", "condition.n.01"]
eponymy	["linguistic_process.n.01", "derivation.n.04"]
entrecote	["cut.n.06", "meat.n.01"]
freelancer	["worker.n.01", "person.n.01"]
neotony	["state.n.02", "attribute.n.02"]
arcsec	["trigonometric_function.n.01", "function.n.01"]
arity	["definite_quantity.n.01", "number.n.02"]
miso	["condiment.n.01", "spread.n.05"]
enophile	["appreciator.n.01", "person.n.01"]
epitope	["position.n.01", "site.n.02"]
beltway	["highway.n.01", "road.n.01"]
kibibit	["computer_memory_unit.n.01", "unit_of_measurement.n.01"]
rabidness	["liveliness.n.02", "exuberance.n.02"]
manana	["time.n.05", "future.n.01"]
seasonal	["worker.n.01", "person.n.01"]
wattmeter	["measuring_instrument.n.01", "instrument.n.01"]
mariticide	["murder.n.01", "homicide.n.01"]
petroglyph	["creating_by_removal.n.01", "carving.n.02"]
acetin	["acetate.n.01", "salt.n.01"]
telescopy	["art.n.03", "superior_skill.n.01"]
gazillion	["indefinite_quantity.n.01", "large_indefinite_quantity.n.01"]
scrubbiness	["inferiority.n.02", "quality.n.02"]
rustiness	["state.n.02", "condition.n.01"]
rustiness	["unskillfulness.n.01", "awkwardness.n.01"]
sleaziness	["unrighteousness.n.01", "dishonorableness.n.01"]
sleaziness	["quality.n.01", "inelegance.n.01"]
associateship	["position.n.06", "occupation.n.01"]
jumpstart	["act.n.02", "action.n.01"]
instrumentalism	["pragmatism.n.01", "philosophical_doctrine.n.01"]
cheapjack	["seller.n.01", "peddler.n.01"]
paleographist	["anthropologist.n.01", "archeologist.n.01"]
mycophagy	["consumption.n.01", "eating.n.01"]
minibus	["public_transport.n.01", "bus.n.01"]
bifocals	["optical_instrument.n.01", "spectacles.n.01"]
peradventure	["cognitive_state.n.01", "doubt.n.01"]
vaporiser	["device.n.01", "instrumentality.n.03"]
midweek	["weekday.n.01", "day_of_the_week.n.01"]
midweek	["time_period.n.01", "fundamental_quantity.n.01"]
gainfulness	["advantage.n.01", "profit.n.02"]
downshift	["action.n.01", "change.n.03"]
greyback	["soldier.n.01", "confederate.n.01", "confederate_soldier.n.01"]
greyback	["sandpiper.n.01", "dowitcher.n.01", "shorebird.n.01", "snipe.n.01"]
herbarium	["collection.n.01", "group.n.01"]
snowboarder	["person.n.01", "skidder.n.01"]
abort	["termination.n.05", "change_of_state.n.01"]
ogee	["cyma.n.01", "molding.n.02"]
deco	["artistic_movement.n.01", "movement.n.04"]
postdoctoral	["aid.n.03", "grant-in-aid.n.02", "grant.n.01"]
webmaster	["skilled_worker.n.01", "technician.n.01"]
prickliness	["texture.n.01", "roughness.n.01"]
gynarchy	["political_system.n.01", "social_group.n.01"]
cardinality	["definite_quantity.n.01", "number.n.02"]
snowboard	["board.n.03", "sheet.n.06"]
langlaufer	["athlete.n.01", "skier.n.01"]
velar	["consonant.n.01", "phone.n.02"]
dideoxyinosine	["antiviral.n.01", "medicine.n.02"]
fibrosity	["quality.n.01", "attribute.n.02"]
valdecoxib	["anti-inflammatory.n.01", "cox-2_inhibitor.n.01"]
catheterisation	["operation.n.06", "medical_procedure.n.01"]
dolichocephalic	["person.n.01", "adult.n.01"]
